<SaleEnvelope><Header><SaleListCount>10</SaleListCount></Header><SaleList><Invoice><Initial>K</Initial><Initial>A</Initial><Surname>Braithwaite</Surname><Item><Code>00</Code><Code>01</Code><Code>02</Code><Description>Twister</Description><Category>Games</Category><Price>00.30</Price><Quantity>01</Quantity></Item><Item><Code>02</Code><Code>03</Code><Code>01</Code><Description>The Times Newspaper</Description><Category>Books and Media</Category><Price>00.20</Price><Quantity>01</Quantity></Item><Balance>00.50</Balance><Currency>Sterling</Currency></Invoice><Invoice><Initial>T</Initial><Initial>J</Initial><Surname>Dunnwin</Surname><Item><Code>04</Code><Code>05</Code><Code>01</Code><Description>The Origin of Species</Description><Category>Books and Media</Category><Price>22.34</Price><Quantity>02</Quantity></Item><Item><Code>06</Code><Code>07</Code><Code>01</Code><Description>Microscope</Description><Category>Miscellaneous</Category><Price>36.20</Price><Quantity>01</Quantity></Item><Balance>81.84</Balance><Currency>Euros</Currency></Invoice></SaleList><SaleList><Invoice><Initial>F</Initial><Initial>e</Initial><Surname>QoZPaLHYsCS</Surname><Item><Code>03</Code><Code>06</Code><Code>01</Code><Description>TociZoL</Description><Category>pOxup</Category><Price>14.72</Price><Quantity>00</Quantity></Item><Item><Code>05</Code><Code>06</Code><Code>02</Code><Description>VPwhSAirVqHLSBjcdvR</Description><Category>AmAPUGTRkFCZSXN</Category><Price>30.06</Price><Quantity>05</Quantity></Item><Balance>60.05</Balance><Currency>Sterling</Currency></Invoice><Invoice><Initial>Q</Initial><Initial>r</Initial><Surname>YGnoHmh</Surname><Item><Code>00</Code><Code>03</Code><Code>02</Code><Description>yeMFwCcTMlHTgCVkWWUwZ</Description><Category>FavYvPJqxpTYFnY</Category><Price>44.14</Price><Quantity>07</Quantity></Item><Item><Code>05</Code><Code>05</Code><Code>06</Code><Description>WPZsCWvsoR</Description><Category>rMTLBwkTCFPdW</Category><Price>27.33</Price><Quantity>02</Quantity></Item><Balance>63.33</Balance><Currency>Euros</Currency></Invoice></SaleList><SaleList><Invoice><Initial>g</Initial><Initial>Z</Initial><Surname>FQNIYMKgXWh</Surname><Item><Code>01</Code><Code>05</Code><Code>01</Code><Description>ZxONWTX</Description><Category>NqGiA</Category><Price>67.44</Price><Quantity>03</Quantity></Item><Item><Code>02</Code><Code>04</Code><Code>02</Code><Description>SHhXsycAECdSSQynTLq</Description><Category>YmEvPgOOHHNUaFR</Category><Price>74.72</Price><Quantity>05</Quantity></Item><Balance>57.04</Balance><Currency>Sterling</Currency></Invoice><Invoice><Initial>A</Initial><Initial>e</Initial><Surname>wtjIOTq</Surname><Item><Code>02</Code><Code>05</Code><Code>02</Code><Description>tHTWxvqbWnEQMUUjFwEYC</Description><Category>XMxMRFhrMHUhyqg</Category><Price>21.30</Price><Quantity>07</Quantity></Item><Item><Code>01</Code><Code>01</Code><Code>07</Code><Description>sdAgUcToFN</Description><Category>dbqBiAmJknjMd</Category><Price>21.01</Price><Quantity>03</Quantity></Item><Balance>75.64</Balance><Currency>Euros</Currency></Invoice></SaleList><SaleList><Invoice><Initial>W</Initial><Initial>g</Initial><Surname>mtgcdraRGIy</Surname><Item><Code>06</Code><Code>02</Code><Code>04</Code><Description>SsWaIcw</Description><Category>kDEZX</Category><Price>42.34</Price><Quantity>05</Quantity></Item><Item><Code>06</Code><Code>01</Code><Code>01</Code><Description>GUmlMDDiVwtQIDPuXEk</Description><Category>nUdOyKPEQoUfOOy</Category><Price>22.66</Price><Quantity>03</Quantity></Item><Balance>17.04</Balance><Currency>Sterling</Currency></Invoice><Invoice><Initial>t</Initial><Initial>R</Initial><Surname>bJbDbCO</Surname><Item><Code>00</Code><Code>07</Code><Code>04</Code><Description>SHjLxshbckoLRjHELhPon</Description><Category>iFtNiGYokjQFCwd</Category><Price>24.71</Price><Quantity>03</Quantity></Item><Item><Code>01</Code><Code>06</Code><Code>05</Code><Description>HfUySgZlMh</Description><Category>gHLGfAgbMNDgG</Category><Price>20.05</Price><Quantity>04</Quantity></Item><Balance>64.42</Balance><Currency>Euros</Currency></Invoice></SaleList><SaleList><Invoice><Initial>y</Initial><Initial>N</Initial><Surname>ErfMwkQUAar</Surname><Item><Code>03</Code><Code>02</Code><Code>00</Code><Description>uYHHSpl</Description><Category>KhUFy</Category><Price>47.02</Price><Quantity>06</Quantity></Item><Item><Code>06</Code><Code>06</Code><Code>02</Code><Description>MvVdrjGcpfyObFwdUfr</Description><Category>DMInMHZwDdMyBnS</Category><Price>24.37</Price><Quantity>07</Quantity></Item><Balance>51.00</Balance><Currency>Sterling</Currency></Invoice><Invoice><Initial>y</Initial><Initial>I</Initial><Surname>gJEqPFU</Surname><Item><Code>06</Code><Code>04</Code><Code>01</Code><Description>MJjRbiCSUCQVHWOTJCQTl</Description><Category>NwZEhLgBMjhncAt</Category><Price>04.33</Price><Quantity>06</Quantity></Item><Item><Code>01</Code><Code>06</Code><Code>01</Code><Description>ZDVaRGrSbC</Description><Category>eawEtGJAwqaXH</Category><Price>51.12</Price><Quantity>07</Quantity></Item><Balance>43.64</Balance><Currency>Euros</Currency></Invoice></SaleList><SaleList><Invoice><Initial>B</Initial><Initial>L</Initial><Surname>oROIYxodmus</Surname><Item><Code>05</Code><Code>07</Code><Code>05</Code><Description>ZXgNFSw</Description><Category>gJjJf</Category><Price>75.40</Price><Quantity>04</Quantity></Item><Item><Code>05</Code><Code>03</Code><Code>07</Code><Description>CPHhQfOTCHSNylfayBU</Description><Category>pZgKCtjkgRvFWev</Category><Price>73.26</Price><Quantity>05</Quantity></Item><Balance>53.50</Balance><Currency>Sterling</Currency></Invoice><Invoice><Initial>v</Initial><Initial>H</Initial><Surname>kXJeXjB</Surname><Item><Code>00</Code><Code>04</Code><Code>01</Code><Description>CZngpBNGuojxrbUHZKeEc</Description><Category>pESwMxFfOelTjTF</Category><Price>55.54</Price><Quantity>04</Quantity></Item><Item><Code>03</Code><Code>04</Code><Code>06</Code><Description>ArfWkAcsXM</Description><Category>RJXHJHUottrNS</Category><Price>06.51</Price><Quantity>00</Quantity></Item><Balance>40.67</Balance><Currency>Euros</Currency></Invoice></SaleList><SaleList><Invoice><Initial>X</Initial><Initial>o</Initial><Surname>TEFkYsZFjVV</Surname><Item><Code>03</Code><Code>07</Code><Code>03</Code><Description>loMYQwl</Description><Category>VOFUA</Category><Price>03.67</Price><Quantity>02</Quantity></Item><Item><Code>01</Code><Code>03</Code><Code>01</Code><Description>byehEYJNeGVkcqLxgTt</Description><Category>ZrCfTatZtSOGauV</Category><Price>30.06</Price><Quantity>04</Quantity></Item><Balance>45.10</Balance><Currency>Sterling</Currency></Invoice><Invoice><Initial>x</Initial><Initial>N</Initial><Surname>rLXlFVf</Surname><Item><Code>05</Code><Code>02</Code><Code>00</Code><Description>qCtuijlscHYewDEdiiVbN</Description><Category>pKUmadONVopjAlV</Category><Price>40.55</Price><Quantity>03</Quantity></Item><Item><Code>01</Code><Code>04</Code><Code>02</Code><Description>WuaWtKettl</Description><Category>jjMxGgGVKbtme</Category><Price>55.53</Price><Quantity>02</Quantity></Item><Balance>67.06</Balance><Currency>Euros</Currency></Invoice></SaleList><SaleList><Invoice><Initial>o</Initial><Initial>I</Initial><Surname>oRwKTULBYpC</Surname><Item><Code>00</Code><Code>00</Code><Code>07</Code><Description>AURpEif</Description><Category>ZmXCY</Category><Price>04.06</Price><Quantity>03</Quantity></Item><Item><Code>07</Code><Code>00</Code><Code>02</Code><Description>PdQfqMHOttUCuibxcIo</Description><Category>LPfkaYCpKphprBL</Category><Price>73.33</Price><Quantity>05</Quantity></Item><Balance>31.33</Balance><Currency>Sterling</Currency></Invoice><Invoice><Initial>t</Initial><Initial>w</Initial><Surname>GaEKiCN</Surname><Item><Code>01</Code><Code>00</Code><Code>01</Code><Description>geVMDmcxhwHYpvSYJuruq</Description><Category>VFTDhjLULFWmrpO</Category><Price>70.26</Price><Quantity>07</Quantity></Item><Item><Code>03</Code><Code>02</Code><Code>02</Code><Description>RRBQasKsYo</Description><Category>aheHjBijlEgOT</Category><Price>64.67</Price><Quantity>01</Quantity></Item><Balance>54.55</Balance><Currency>Euros</Currency></Invoice></SaleList><SaleList><Invoice><Initial>g</Initial><Initial>r</Initial><Surname>IXAUjDjgpPE</Surname><Item><Code>04</Code><Code>01</Code><Code>01</Code><Description>UnSBoeN</Description><Category>bqHOI</Category><Price>71.34</Price><Quantity>05</Quantity></Item><Item><Code>06</Code><Code>07</Code><Code>03</Code><Description>EZYJglwgnatCLuxcaFi</Description><Category>GLVaMEXfFilLTvs</Category><Price>66.67</Price><Quantity>03</Quantity></Item><Balance>35.11</Balance><Currency>Sterling</Currency></Invoice><Invoice><Initial>N</Initial><Initial>A</Initial><Surname>jEUursG</Surname><Item><Code>01</Code><Code>00</Code><Code>03</Code><Description>WgfODKMHfZqrZrYPnfWuG</Description><Category>vrljpYDAntRDnPd</Category><Price>20.14</Price><Quantity>00</Quantity></Item><Item><Code>04</Code><Code>03</Code><Code>07</Code><Description>fpWGPHqetW</Description><Category>NYxsPeHwcBuWs</Category><Price>54.24</Price><Quantity>06</Quantity></Item><Balance>65.13</Balance><Currency>Euros</Currency></Invoice></SaleList><SaleList><Invoice><Initial>Z</Initial><Initial>A</Initial><Surname>MxveawlNyWH</Surname><Item><Code>04</Code><Code>02</Code><Code>06</Code><Description>oLEtGTQ</Description><Category>vYVTr</Category><Price>50.44</Price><Quantity>03</Quantity></Item><Item><Code>07</Code><Code>03</Code><Code>03</Code><Description>DFSlmWMMfxGwGOdoOHS</Description><Category>UbwCwgyQpUblqXg</Category><Price>65.71</Price><Quantity>02</Quantity></Item><Balance>00.10</Balance><Currency>Sterling</Currency></Invoice><Invoice><Initial>a</Initial><Initial>M</Initial><Surname>FPJUBPW</Surname><Item><Code>01</Code><Code>06</Code><Code>07</Code><Description>EHJNadtwiPqIcFNtdnxAt</Description><Category>HAkApGFQpTklDSd</Category><Price>06.31</Price><Quantity>02</Quantity></Item><Item><Code>01</Code><Code>01</Code><Code>00</Code><Description>KHRZBKqebl</Description><Category>aUlRPWUgACshx</Category><Price>10.06</Price><Quantity>03</Quantity></Item><Balance>20.00</Balance><Currency>Euros</Currency></Invoice></SaleList><Trailer><CompletionTime>12.00.00</CompletionTime></Trailer></SaleEnvelope>